<?xml version="1.0" encoding="UTF-8"?>
<node>
<version>6</version>
<dict>
  <key>title</key><string>SupportDisplay</string>
  <key>nodeid</key><string>9ce08c7f-6394-46e4-bbfe-5ecfa7f51195</string>
  <key>modified_time</key><integer>1666957929</integer>
  <key>version</key><integer>6</integer>
  <key>content_type</key><string>text/xhtml+xml</string>
  <key>created_time</key><integer>1666956851</integer>
  <key>info_sort_dir</key><integer>1</integer>
  <key>order</key><integer>11</integer>
  <key>info_sort</key><string>order</string>
</dict>
</node>
