<?xml version="1.0" encoding="UTF-8"?>
<node>
<version>6</version>
<dict>
  <key>title</key><string>CalendarDisplay</string>
  <key>nodeid</key><string>a2a9ef4c-53f1-484f-902c-264285626fa9</string>
  <key>modified_time</key><integer>1666957754</integer>
  <key>version</key><integer>6</integer>
  <key>content_type</key><string>text/xhtml+xml</string>
  <key>created_time</key><integer>1666956762</integer>
  <key>info_sort_dir</key><integer>1</integer>
  <key>order</key><integer>7</integer>
  <key>info_sort</key><string>order</string>
</dict>
</node>
