<?xml version="1.0" encoding="UTF-8"?>
<node>
<version>6</version>
<dict>
  <key>title</key><string>twofactorupdatepass_PHP_API</string>
  <key>nodeid</key><string>5f3d4b5c-81a8-4a3c-bfc1-9bd41fcc5344</string>
  <key>modified_time</key><integer>1666952082</integer>
  <key>version</key><integer>6</integer>
  <key>content_type</key><string>text/xhtml+xml</string>
  <key>created_time</key><integer>1666951858</integer>
  <key>info_sort_dir</key><integer>1</integer>
  <key>order</key><integer>11</integer>
  <key>info_sort</key><string>order</string>
</dict>
</node>
