<?xml version="1.0" encoding="UTF-8"?>
<node>
<version>6</version>
<dict>
  <key>title</key><string>RestorePassSMSDisplay</string>
  <key>nodeid</key><string>52f84562-b4eb-4339-8fe4-ccff8718ff73</string>
  <key>modified_time</key><integer>1666957624</integer>
  <key>version</key><integer>6</integer>
  <key>content_type</key><string>text/xhtml+xml</string>
  <key>created_time</key><integer>1666956679</integer>
  <key>info_sort_dir</key><integer>1</integer>
  <key>order</key><integer>4</integer>
  <key>info_sort</key><string>order</string>
</dict>
</node>
