<?xml version="1.0" encoding="UTF-8"?>
<node>
<version>6</version>
<dict>
  <key>title</key><string>requestHolidays_PHP_API</string>
  <key>nodeid</key><string>f72a3bed-3c1b-4c01-8a92-28695bc673d2</string>
  <key>modified_time</key><integer>1666951438</integer>
  <key>version</key><integer>6</integer>
  <key>content_type</key><string>text/xhtml+xml</string>
  <key>created_time</key><integer>1666951346</integer>
  <key>info_sort_dir</key><integer>1</integer>
  <key>order</key><integer>10</integer>
  <key>info_sort</key><string>order</string>
</dict>
</node>
