<?xml version="1.0" encoding="UTF-8"?>
<node>
<version>6</version>
<dict>
  <key>title</key><string>Alluser_PHP_API</string>
  <key>nodeid</key><string>9c0f7a6c-5649-4f13-823e-84ec13f9fa4b</string>
  <key>modified_time</key><integer>1666955161</integer>
  <key>version</key><integer>6</integer>
  <key>content_type</key><string>text/xhtml+xml</string>
  <key>created_time</key><integer>1666952613</integer>
  <key>info_sort_dir</key><integer>1</integer>
  <key>order</key><integer>13</integer>
  <key>info_sort</key><string>order</string>
</dict>
</node>
