<?xml version="1.0" encoding="UTF-8"?>
<node>
<version>6</version>
<dict>
  <key>title</key><string>RestorePassEmailDisplay</string>
  <key>nodeid</key><string>6e9b111e-8f4d-4c87-861a-c1b91066cfbb</string>
  <key>modified_time</key><integer>1666957595</integer>
  <key>version</key><integer>6</integer>
  <key>content_type</key><string>text/xhtml+xml</string>
  <key>created_time</key><integer>1666956702</integer>
  <key>info_sort_dir</key><integer>1</integer>
  <key>order</key><integer>5</integer>
  <key>info_sort</key><string>order</string>
</dict>
</node>
