<?xml version="1.0" encoding="UTF-8"?>
<node>
<version>6</version>
<dict>
  <key>title</key><string>mitarbeiterurlaubsbezeichnungen</string>
  <key>nodeid</key><string>ac46538f-d208-40b6-8410-45a0954697a1</string>
  <key>modified_time</key><integer>1666956051</integer>
  <key>version</key><integer>6</integer>
  <key>content_type</key><string>text/xhtml+xml</string>
  <key>created_time</key><integer>1666955982</integer>
  <key>info_sort_dir</key><integer>1</integer>
  <key>order</key><integer>3</integer>
  <key>info_sort</key><string>order</string>
</dict>
</node>
