<?xml version="1.0" encoding="UTF-8"?>
<node>
<version>6</version>
<dict>
  <key>title</key><string>selectMyCal_PHP_API</string>
  <key>nodeid</key><string>a922e0f7-9d82-4483-a5a9-73a8d9a159b7</string>
  <key>modified_time</key><integer>1666946718</integer>
  <key>version</key><integer>6</integer>
  <key>content_type</key><string>text/xhtml+xml</string>
  <key>created_time</key><integer>1666946437</integer>
  <key>info_sort_dir</key><integer>1</integer>
  <key>order</key><integer>7</integer>
  <key>info_sort</key><string>order</string>
</dict>
</node>
